{
  "formula": "Br2",
  "molecular_weight": 159.808,
  "bond_length": 2.2811,
  "critical_temperature": 584.19,
  "critical_temperature_std": 1.0,
  "surface_tension": [
    [
      273.15,
      278.147,
      283.144,
      288.14099999999996,
      293.138,
      298.13599999999997,
      303.134,
      308.132,
      313.13,
      318.129,
      323.127
    ],
    [
      0.0455,
      0.0447,
      0.0436,
      0.0429,
      0.0418,
      0.0409,
      0.04,
      0.0392,
      0.0383,
      0.0373,
      0.0364
    ],
    [
      0.0003,
      0.0003,
      0.0003,
      0.0003,
      0.0002,
      0.0002,
      0.0002,
      0.0002,
      0.0002,
      0.0002,
      0.0002
    ],
    [
      0.0009222797840135064,
      0.0009064965526685691,
      0.0008848073236586596,
      0.0008710132031146256,
      0.0008419596189841885,
      0.0008240898009319131,
      0.0008062257748298549,
      0.0007903518203939306,
      0.0007724998381876853,
      0.0007526725715741208,
      0.0007348360361332316
    ]
  ],
  "vapor_pressure": [
    [
      266.156,
      266.256,
      266.765,
      267.415,
      268.05400000000003,
      268.11400000000003,
      268.36400000000003,
      268.464,
      268.803,
      269.283,
      269.443,
      269.733,
      270.522,
      270.752,
      271.132,
      271.351,
      272.091,
      272.301,
      273.34,
      273.46,
      273.46,
      274.369,
      275.17900000000003,
      275.928,
      275.988,
      276.508,
      276.578,
      277.098,
      277.407,
      277.897,
      278.427,
      278.597,
      279.526,
      279.726,
      280.286,
      280.695,
      282.504,
      283.024,
      283.54400000000004,
      283.584,
      283.664,
      285.283,
      285.343,
      285.453,
      285.772,
      286.60200000000003,
      287.441,
      288.221,
      288.731,
      289.12,
      292.438,
      293.058,
      294.098,
      294.248,
      295.337,
      296.737,
      298.856,
      299.575,
      300.175,
      300.825,
      301.365,
      301.685,
      301.934,
      302.314,
      303.384,
      304.893,
      305.313,
      305.83299999999997,
      306.093,
      306.77299999999997,
      307.532,
      307.812,
      307.91200000000003,
      308.732,
      308.812,
      310.111,
      310.351,
      310.57099999999997,
      311.131,
      311.621,
      311.70099999999996,
      311.741,
      313.35,
      313.71,
      314.6,
      314.97900000000004,
      316.66900000000004,
      317.369,
      317.72900000000004,
      317.779,
      318.628,
      319.768,
      319.988,
      320.778,
      321.827,
      322.347,
      323.327,
      326.786,
      327.226,
      329.125,
      329.125,
      330.775,
      331.125,
      331.624,
      332.594,
      337.30400000000003,
      339.624,
      340.944,
      342.164,
      343.98400000000004,
      347.264,
      349.223,
      350.56300000000005,
      352.14300000000003,
      353.343,
      354.32300000000004,
      355.13300000000004,
      355.843,
      357.18300000000005,
      357.903,
      358.603,
      359.723,
      361.283,
      362.483
    ],
    [
      6.0928,
      6.17949,
      6.272819999999999,
      6.5461,
      6.8794,
      6.7861,
      6.7994,
      6.8661,
      7.0528,
      7.1727,
      7.3461,
      7.3461,
      7.7194,
      7.706,
      7.8660000000000005,
      7.8527,
      8.2927,
      8.426,
      9.0393,
      8.69928,
      8.666,
      9.3059,
      9.85919,
      10.0992,
      10.1992,
      10.5591,
      10.7124,
      10.9991,
      10.8524,
      11.4124,
      11.739,
      11.7057,
      12.2257,
      12.039000000000001,
      12.7723,
      13.0189,
      14.3855,
      14.5055,
      14.9054,
      15.0588,
      15.1121,
      16.452,
      16.2387,
      16.9653,
      16.732,
      17.1053,
      17.8185,
      18.7451,
      19.1584,
      19.6517,
      22.8448,
      23.3914,
      24.1647,
      25.1446,
      25.2979,
      26.8778,
      29.3642,
      30.7041,
      31.1841,
      32.424,
      34.0239,
      33.4639,
      33.4039,
      34.4772,
      36.7436,
      37.9835,
      38.3702,
      39.1168,
      40.6767,
      40.7833,
      42.0032,
      42.7965,
      42.7298,
      44.5297,
      45.4496,
      46.6962,
      46.7828,
      47.5961,
      48.6493,
      50.5292,
      50.6358,
      50.0959,
      53.129,
      53.4756,
      56.181999999999995,
      55.8087,
      59.9017,
      61.9949,
      63.2348,
      63.3681,
      63.7548,
      67.5411,
      68.1677,
      69.0877,
      72.0607,
      74.4339,
      75.6338,
      86.2862,
      84.8064,
      91.8591,
      93.619,
      99.9651,
      101.191,
      100.57799999999999,
      102.01799999999999,
      122.76299999999999,
      130.936,
      137.455,
      143.455,
      150.388,
      167.18599999999998,
      176.65200000000002,
      183.985,
      191.718,
      198.25,
      203.983,
      210.38299999999998,
      213.84900000000002,
      222.515,
      226.78099999999998,
      231.31400000000002,
      237.18,
      248.646,
      255.312
    ],
    [
      0.613,
      0.621,
      0.631,
      0.653,
      0.693,
      0.68,
      0.68,
      0.693,
      0.7070000000000001,
      0.72,
      0.733,
      0.733,
      0.773,
      0.773,
      0.787,
      0.787,
      0.84,
      0.853,
      0.907,
      0.875,
      0.867,
      0.9329999999999999,
      0.991,
      1.01,
      1.03,
      1.05,
      1.08,
      1.11,
      1.09,
      1.15,
      1.18,
      1.17,
      1.23,
      1.2,
      1.28,
      1.31,
      1.44,
      1.45,
      1.49,
      1.51,
      1.52,
      1.65,
      1.63,
      1.71,
      1.68,
      1.71,
      1.79,
      1.88,
      1.92,
      1.97,
      2.3,
      2.35,
      2.43,
      2.53,
      2.54,
      2.69,
      2.95,
      3.08,
      3.12,
      3.25,
      3.41,
      3.36,
      3.36,
      3.45,
      3.69,
      3.8,
      3.84,
      3.93,
      4.09,
      4.08,
      4.22,
      4.31,
      4.28,
      4.45,
      4.57,
      4.69,
      4.68,
      4.79,
      4.87,
      5.08,
      5.09,
      5.03,
      5.32,
      5.36,
      5.65,
      5.61,
      6.0,
      6.23,
      6.36,
      6.37,
      6.41,
      6.76,
      6.85,
      6.95,
      7.24,
      7.48,
      7.6,
      8.64,
      8.52,
      9.23,
      9.37,
      10.1,
      10.1,
      10.1,
      1.02,
      12.3,
      13.1,
      13.7,
      14.4,
      15.1,
      16.8,
      17.7,
      18.4,
      19.2,
      19.9,
      20.4,
      21.1,
      21.5,
      22.3,
      22.7,
      23.2,
      23.7,
      24.9,
      25.6
    ],
    [
      0.6820295949590458,
      0.6915715556621745,
      0.7021559353334557,
      0.7315165767773141,
      0.7702750765797892,
      0.7590201131063656,
      0.7602094471920223,
      0.7690874736335264,
      0.7889119902752145,
      0.8025436143288414,
      0.8209592572716383,
      0.8209592572716383,
      0.8632923106341212,
      0.8620943161858801,
      0.8795349964611983,
      0.8783457308486221,
      0.929563732564906,
      0.9443924025530913,
      1.0113118682681421,
      0.9737458473256767,
      0.9689777138820067,
      1.040970699923874,
      1.1034294379619387,
      1.1291427750289154,
      1.1425680751710157,
      1.179224714844461,
      1.1996479223505538,
      1.2320012208192004,
      1.214401440051847,
      1.277909909813677,
      1.3138269330471195,
      1.3086096151641253,
      1.3685402459920573,
      1.345130183290822,
      1.428606479370719,
      1.4573752338021944,
      1.608672155070759,
      1.6216412372963387,
      1.66635365141977,
      1.684547290639239,
      1.6915542155367058,
      1.8404640827791237,
      1.816914631153594,
      1.8997997370512503,
      1.872217466001212,
      1.9123121818625746,
      1.9939945893858388,
      2.0969949308713174,
      2.142905248861928,
      2.198207935774048,
      2.5576060819445985,
