{
  "formula": "C2Cl4",
  "molecular_weight": 165.822,
  "bond_length": 1.354,
  "critical_temperature": 618.0,
  "critical_temperature_std": 16.5,
  "surface_tensions": [
    [],
    [],
    []
  ],
  "vapor_pressures": [
    [
      260.0,
      283.15,
      283.15,
      283.15,
      283.15,
      288.15,
      288.15,
      288.15,
      288.15,
      293.15,
      293.15,
      293.15,
      293.15,
      298.15,
      298.15,
      298.15,
      298.15,
      298.15,
      301.031,
      303.15,
      303.15,
      303.15,
      303.15,
      303.15,
      307.75,
      308.15,
      308.15,
      308.15,
      308.15,
      308.899,
      310.22900000000004,
      311.25,
      313.15,
      313.15,
      313.15,
      313.15,
      314.45,
      314.842,
      315.95,
      316.3,
      318.15,
      318.15,
      318.15,
      318.15,
      318.45,
      319.377,
      319.64,
      321.75,
      323.15,
      323.15,
      323.15,
      323.15,
      324.4,
      324.45,
      325.807,
      327.05,
      329.35,
      330.2,
      331.35,
      331.832,
      333.25,
      334.38800000000003,
      336.404,
      336.95,
      337.0,
      338.35,
      339.95,
      341.19800000000004,
      341.45,
      341.67699999999996,
      342.9,
      343.15,
      344.15,
      344.35,
      344.35,
      344.35,
      345.55,
      346.195,
      347.35,
      347.66,
      349.15,
      351.295,
      352.29900000000004,
      355.085,
      355.35,
      355.42,
      356.5,
      360.05,
      360.31,
      361.18199999999996,
      364.55,
      364.917,
      367.69300000000004,
      368.05,
      370.416,
      371.15,
      372.042,
      373.074,
      374.45,
      377.05400000000003,
      377.39300000000003,
      377.55,
      379.473,
      380.295,
      380.815,
      381.05,
      383.95,
      384.67,
      386.35,
      388.55,
      390.55,
      391.45,
      391.75,
      391.85,
      391.85,
      391.85,
      391.85,
      391.95,
      391.971,
      392.05,
      392.05,
      392.15,
      392.15,
      392.25,
      392.25,
      392.25,
      392.35,
      392.62699999999995,
      392.77,
      393.12699999999995,
      393.62699999999995,
      393.85,
      393.92699999999996,
      394.02,
      394.12,
      394.12699999999995,
      394.147,
      394.147,
      394.15,
      394.15,
      394.15,
      394.15,
      394.15,
      394.15,
      394.157,
      394.17,
      394.18,
      394.2,
      394.2,
      394.21,
      394.22,
      394.22,
      394.22,
      394.22,
      394.227,
      394.227,
      394.25,
      394.25,
      394.25,
      394.25,
      394.27,
      394.27,
      394.327,
      394.35,
      394.35,
      394.35,
      394.42,
      394.45,
      394.45,
      394.45,
      394.45,
      394.52,
      394.55,
      394.62699999999995
    ],
    [
      0.2248,
      1.023,
      1.023,
      1.023,
      1.023,
      1.4,
      1.4,
      1.4,
      1.4,
      1.861,
      1.861,
      1.861,
      1.861,
      2.448,
      2.4619999999999997,
      2.4619999999999997,
      2.4619999999999997,
      2.4619999999999997,
      2.8691,
      3.2119999999999997,
      3.205,
      3.205,
      3.205,
      3.205,
      4.0,
      4.117,
      4.117,
      4.117,
      4.117,
      4.2743199999999995,
      4.5236,
      4.73,
      5.252999999999999,
      5.252999999999999,
      5.252999999999999,
      5.252999999999999,
      5.56,
      5.68887,
      6.0,
      6.2,
      6.621,
      6.621,
      6.621,
      6.621,
      6.7,
      6.967410000000001,
      7.10075,
      7.89,
      8.286,
      8.286,
      8.286,
      8.286,
      8.9,
      8.88,
      9.30588,
      9.94,
      10.94,
      11.2764,
      11.91,
      12.0456,
      12.89,
      13.4122,
      14.5494,
      14.97,
      15.0,
      15.88,
      16.91,
      17.6199,
      17.92,
      17.9211,
      19.1,
      19.2,
      19.9,
      20.0,
      20.0,
      20.0,
      20.98,
      21.3142,
      22.47,
      22.5408,
      24.06,
      25.7805,
      26.66,
      29.5549,
      30.15,
      29.9228,
      31.6,
      35.47,
      35.493,
      36.556999999999995,
      41.21,
      41.4698,
      45.4656,
      46.3,
      49.7038,
      51.07,
      52.3157,
      53.33,
      56.58,
      61.2948,
      61.8749,
      62.34,
      66.66,
      67.7011,
      68.6944,
      69.2,
      75.34,
      77.1254,
      80.71,
      85.92,
      90.86,
      94.8,
      95.0,
      95.0,
      95.0,
      94.7,
      94.7,
      95.3,
      93.33,
      94.6,
      95.23,
      95.5,
      95.6,
      95.8,
      95.75,
      95.75,
      95.63,
      101.325,
      97.3371,
      99.5918,
      100.485,
      99.53,
      101.325,
      101.325,
      101.325,
      101.325,
      101.325,
      101.325,
      101.325,
      100.0,
      100.0,
      101.3,
      101.325,
      101.325,
      101.325,
      101.325,
      101.325,
      101.325,
      101.325,
      101.32,
      101.325,
      101.325,
      101.325,
      101.325,
      101.325,
      101.325,
      101.325,
      101.325,
      101.325,
      101.33,
      101.325,
      101.325,
      101.325,
      101.33,
      101.0,
      101.325,
      101.325,
      101.325,
      101.325,
      101.325,
      101.325,
      101.33,
      101.41,
      101.325
    ],
    [
      0.00782,
      0.026000000000000002,
      0.026000000000000002,
      0.023,
      0.022000000000000002,
      0.027000000000000003,
      0.027000000000000003,
      0.026000000000000002,
      0.022000000000000002,
      0.027999999999999997,
      0.027999999999999997,
      0.027999999999999997,
      0.022000000000000002,
      0.015,
      0.028999999999999998,
      0.028999999999999998,
      0.03,
      0.023,
      0.0147,
      0.032,
      0.031,
      0.031,
      0.033,
      0.023,
      0.02,
      0.033,
      0.033,
      0.037000000000000005,
      0.024,
      0.016,
      0.0176,
      0.02,
      0.035,
      0.036000000000000004,
      0.040999999999999995,
      0.025,
      0.02,
      0.0187,
      0.201,
      0.3,
      0.039,
      0.039,
      0.047,
      0.027000000000000003,
      0.02,
      0.0206,
      0.0267,
      0.02,
      0.043,
      0.043,
      0.054000000000000006,
      0.027999999999999997,
      0.3,
      0.02,
      0.0241,
      0.02,
      0.03,
      0.027999999999999997,
      0.03,
      0.0286,
      0.03,
      0.032,
      0.033,
      0.03,
      0.3,
      0.03,
      0.04,
      0.04,
      0.04,
      0.0391,
      0.3,
      0.3,
      0.04,
      0.76,
      0.02,
      0.1,
      0.04,
      0.0455,
      0.04,
      0.048,
      0.05,
      0.054000000000000006,
      0.07,
      0.0613,
      0.06,
      0.062,
      0.3,
      0.07,
      0.073,
      0.0747,
      0.07,
      0.0846,
      0.0907,
      0.08,
      0.10099999999999999,
      0.09,
      0.10400000000000001,
      4.18,
      0.1,
      0.124,
      0.121,
      0.11,
      4.25,
      0.0337,
      0.133,
      0.12,
      0.13,
      0.155,
      0.14,
      0.15,
      0.16,
      0.2,
      10.0,
      4.85,
      1.0,
      2.9,
      0.3,
      2.0,
      4.3,
      0.13,
      5.0,
      4.0,
      1.0,
      9.6,
      9.0,
      4.84,
      0.16,
      15.2,
      0.196,
      31.7,
      10.0,
      0.17,
      0.507,
      1.01,
      0.507,
      1.52,
      0.355,
      0.0472,
      0.10099999999999999,
      0.1,
      0.1,
      2.53,
      1.01,
      2.08,
      0.10099999999999999,
      0.557,
      1.52,
      0.203,
      1.01,
      0.08,
      0.10099999999999999,
      0.507,
      1.01,
      1.01,
      2.03,
      2.53,
      2.03,
      1.01,
      1.01,
      1.11,
      0.507,
      1.01,
      1.52,
      0.507,
      1.0,
      0.7090000000000001,
      1.01,
      10.2,
      10.1,
      0.507,
      1.06,
      8.11,
      0.18,
      7.6
    ]
  ],