{
  "formula": "C2F4",
  "molecular_weight": 100.016,
  "bond_length": 1.311,
  "critical_temperature": 306.88,
  "critical_temperature_std": 1.17,
  "surface_tensions": [
    [],
    [],
    []
  ],
  "vapor_pressures": [
    [
      147.71200000000002,
      147.99200000000002,
      152.346,
      152.937,
      155.789,
      158.912,
      159.363,
      164.17700000000002,
      168.59099999999998,
      169.722,
      172.885,
      172.935,
      175.386,
      175.857,
      177.388,
      178.058,
      178.308,
      179.269,
      180.269,
      180.94,
      182.05,
      182.891,
      183.00099999999998,
      184.41099999999997,
      186.582,
      187.19299999999998,
      188.313,
      190.15400000000002,
      191.78400000000002,
      191.995,
      193.345,
      196.105,
      196.105,
      196.895,
      198.455,
      200.655,
      202.885,
      203.095,
      205.485,
      206.705,
      207.035,
      207.545,
      208.456,
      213.09599999999998,
      223.088,
      233.082,
      243.074,
      248.2,
      248.2,
      248.3,
      253.067,
      253.34,
      253.34,
      263.0,
      263.06,
      263.18,
      263.18,
      273.107,
      273.14,
      273.14,
      283.118,
      283.19,
      283.19,
      293.223,
      303.432,
      306.883
    ],
    [
      2.2265,
      2.2798,
      3.5864,
      3.813,
      5.0396,
      6.7328,
      6.9994,
      10.6258,
      15.2387,
      16.6253,
      21.7982,
      21.2249,
      25.3446,
      26.2778,
      30.3308,
      30.6375,
      31.1841,
      33.3173,
      35.6371,
      37.4236,
      40.13,
      44.1297,
      42.7165,
      46.7695,
      53.6223,
      57.5953,
      59.5951,
      66.5545,
      73.2073,
      75.5271,
      80.1267,
      93.5123,
      93.5656,
      101.325,
      106.325,
      119.43,
      134.069,
      141.825,
      152.80100000000002,
      162.36,
      164.826,
      169.13299999999998,
      176.666,
      225.803,
      344.945,
      508.144,
      724.9839999999999,
      864.0,
      864.0,
      866.0,
      1005.81,
      1017.0,
      1017.0,
      1357.0,
      1361.09,
      1367.0,
      1367.0,
      1801.46,
      1804.0,
      1804.0,
      2331.88,
      2340.0,
      2340.0,
      2965.78,
      3712.62,
      3943.8
    ],
    [
      0.0133,
      0.0133,
      0.0267,
      0.0267,
      0.0267,
      0.0267,
      0.0267,
      0.04,
      0.04,
      0.0533,
      2.19,
      0.0667,
      0.0667,
      0.08,
      3.05,
      0.08,
      0.08,
      0.0933,
      0.0933,
      0.0933,
      0.107,
      4.44,
      0.107,
      0.12,
      0.133,
      5.79,
      0.147,
      0.16,
      0.17300000000000001,
      7.59,
      0.2,
      0.22699999999999998,
      0.22699999999999998,
      10.1,
      0.253,
      0.28,
      0.307,
      14.2,
      0.34700000000000003,
      0.373,
      0.373,
      0.387,
      0.4,
      22.6,
      34.5,
      50.8,
      72.5,
      7.0,
      5.0,
      8.0,
      101.0,
      8.0,
      5.0,
      10.0,
      136.0,
      9.0,
      6.0,
      180.0,
      11.0,
      7.0,
      233.0,
      12.0,
      7.0,
      297.0,
      371.0,
      68.9
    ]
  ],
  "liquid_densities": [
    [
      173.185,
      183.09099999999998,
      193.095,
      196.895,
      203.095,
      213.09599999999998,
      223.088,
      233.082,
      243.074,
      253.067,
      263.06,
      273.107,
      281.11400000000003,
      283.118,
      293.223,
      303.432,
      306.883,
      306.883
    ],
    [
      1616.0,
      1575.0,
      1533.0,
      1519.0,
      1492.0,
      1450.0,
      1409.0,
      1368.0,
      1325.0,
      1274.0,
      1216.0,
      1151.0,
      1093.0,
      1078.0,
      972.0,
      815.0,
      580.0,
      584.3
    ],
    [
      5.0,
      5.0,
      5.0,
      0.5,
      5.0,
      5.0,
      5.0,
      5.0,
      5.0,
      5.0,
      5.0,
      5.0,
      5.0,
      5.0,
      5.0,
      5.0,
      10.0,
      7.7
    ]
  ]
}