{
  "formula": "C2H2",
  "molecular_weight": 26.038,
  "bond_length": 1.2026,
  "critical_temperature": 308.61,
  "critical_temperature_std": 1.15,
  "surface_tensions": [
    [
      192.895,
      194.045,
      195.795,
      197.045,
      197.495,
      202.345,
      202.695,
      204.195,
      206.195,
      206.745,
      209.196,
      210.59599999999998,
      210.796,
      217.19299999999998
    ],
    [
      0.01892,
      0.01876,
      0.017993000000000002,
      0.0181,
      0.017713999999999997,
      0.017159999999999998,
      0.01637,
      0.015992,
      0.015605,
      0.0163,
      0.015005000000000001,
      0.01545,
      0.0144,
      0.01431
    ],
    [
      0.00031,
      0.00031,
      0.000472,
      0.0003,
      0.00047000000000000004,
      0.00029,
      0.000458,
      0.000453,
      0.000449,
      0.00028,
      0.00044400000000000006,
      0.00027,
      0.000442,
      0.00026000000000000003
    ]
  ],
  "vapor_pressures": [
    [
      192.195,
      192.632,
      192.68,
      192.926,
      192.94799999999998,
      193.248,
      193.555,
      193.826,
      194.16400000000002,
      194.523,
      194.731,
      195.373,
      195.635,
      196.541,
      196.581,
      197.44099999999997,
      197.792,
      198.329,
      198.989,
      199.27200000000002,
      200.15099999999998,
      200.155,
      200.19099999999997,
      200.995,
      201.049,
      202.195,
      203.195,
      203.673,
      205.148,
      206.34599999999998,
      206.49400000000003,
      208.275,
      210.31599999999997,
      212.355,
      223.188,
      233.18200000000002,
      273.15,
      278.947,
      284.643,
      288.14099999999996,
      293.33799999999997,
      303.2,
      308.608,
      308.608
    ],
    [
      126.656,
      128.19299999999998,
      128.688,
      130.283,
      130.439,
      132.58100000000002,
      134.816,
      136.933,
      139.357,
      142.06799999999998,
      143.787,
      148.648,
      150.905,
      158.30200000000002,
      158.528,
      165.94400000000002,
      168.843,
      173.73,
      179.571,
      182.269,
      190.554,
      190.607,
      190.834,
      199.05,
      199.33,
      210.993,
      224.94099999999997,
      226.88,
      243.515,
      257.904,
      259.557,
      282.35400000000004,
      309.753,
      339.311,
      537.023,
      780.203,
      2639.52,
      3070.15,
      3526.11,
      3840.22,
      4336.71,
      5476.0,
      6182.85,
      6138.27
    ],
    [
      6.33,
      0.33899999999999997,
      0.33899999999999997,
      0.307,
      0.308,
      0.312,
      0.32,
      0.32299999999999995,
      0.327,
      0.335,
      0.337,
      0.34700000000000003,
      0.355,
      0.348,
      0.348,
      0.384,
      0.392,
      0.40299999999999997,
      0.413,
      0.42100000000000004,
      0.419,
      0.413,
      0.419,
      0.86,
      0.45899999999999996,
      0.484,
      7.32,
      0.516,
      0.552,
      0.575,
      0.579,
      0.636,
      0.693,
      0.752,
      10.4,
      12.9,
      31.5,
      35.8,
      40.3,
      43.5,
      48.4,
      27.0,
      56.7,
      120.0
    ]
  ],
  "liquid_densities": [
    [
      192.895,
      194.045,
      194.795,
      195.795,
      197.045,
      197.495,
      202.345,
      206.845,
      210.696,
      217.19299999999998,
      217.99200000000002,
      249.419,
      258.16,
      279.226,
      279.32599999999996,
      285.183,
      287.774,
      287.873,
      290.22,
      293.45799999999997,
      296.567,
      297.26599999999996,
      302.154,
      302.244,
      304.613,
      305.27299999999997,
      306.063,
      308.608
    ],
    [
      615.4,
      613.6,
      610.3,
      608.2,
      609.3,
      603.6,
      600.9,
      593.5,
      587.5,
      577.9,
      576.3,
      518.5,
      510.51,
      447.4,
      447.8,
      429.5,
      442.8,
      439.8,
      412.0,
      398.7,
      385.9,
      381.4,
      355.9,
      355.6,
      337.9,
      331.5,
      328.2,
      231.243
    ],
    [
      1.3,
      1.2,
      0.4,
      10.3,
      1.2,
      10.2,
      1.2,
      1.2,
      1.2,
      1.5,
      1.5,
      1.5,
      0.4,
      1.5,
      1.5,
      1.5,
      1.5,
      1.5,
      1.5,
      1.5,
      1.5,
      1.5,
      1.5,
      1.5,
      1.5,
      1.5,
      1.5,
      4.11
    ]
  ]
}