{
  "formula": "Cl2",
  "molecular_weight": 70.9,
  "bond_length": 1.9879,
  "critical_temperature": 416.866,
  "critical_temperature_std": 0.1,
  "surface_tension": [
    [],
    [],
    [],
    []
  ],
  "vapor_pressure": [
    [
      190.55700000000002,
      195.558,
      200.458,
      205.287,
      205.955,
      205.98,
      210.046,
      210.167,
      210.18200000000002,
      213.15,
      215.014,
      215.02700000000002,
      215.22299999999998,
      219.81900000000002,
      219.833,
      219.95,
      224.97099999999998,
      224.976,
      225.141,
      229.99200000000002,
      230.105,
      230.137,
      234.928,
      234.94099999999997,
      235.00599999999997,
      239.477,
      239.87099999999998,
      239.886,
      240.076,
      243.15,
      243.15,
      244.94799999999998,
      244.967,
      250.12599999999998,
      250.148,
      254.838,
      254.92,
      255.12099999999998,
      255.12400000000002,
      256.046,
      256.067,
      260.121,
      260.159,
      265.121,
      265.172,
      270.378,
      270.381,
      273.15,
      273.15,
      273.15,
      323.15,
      323.15,
      334.094,
      345.681,
      353.279,
      363.57599999999996,
      373.024,
      373.754,
      374.024,
      383.972,
      391.341,
      404.92800000000005,
      416.726,
      416.836,
      416.866,
      416.866
    ],
    [
      6.364809999999999,
      9.10725,
      12.675,
      17.2639,
      17.9,
      17.92,
      23.0301,
      23.04,
      23.06,
      27.75,
      30.45,
      30.48,
      30.9988,
      39.62,
      39.63,
      40.162,
      51.83,
      51.82,
      52.5237,
      66.7172,
      66.71,
      66.8,
      83.63,
      83.72,
      84.3571,
      101.325,
      104.39,
      104.46,
      105.838,
      120.31,
      121.76,
      129.76,
      129.85,
      160.22,
      160.35,
      192.52,
      193.12,
      194.78,
      194.79,
      201.59,
      201.8,
      234.7,
      234.92,
      280.6,
      281.07,
      335.87,
      335.88,
      369.21,
      370.66,
      371.35,
      1451.8,
      1455.1,
      1888.0,
      2377.0,
      2760.0,
      3314.0,
      3955.0,
      4014.0,
      4052.0,
      4747.0,
      5359.0,
      6596.0,
      7991.0,
      7974.0,
      7977.0,
      7991.4
    ],
    [
      0.12,
      0.128,
      0.139,
      0.153,
      0.05,
      0.05,
      0.172,
      0.06,
      0.06,
      2.49,
      0.08,
      0.08,
      0.196,
      0.1,
      0.1,
      0.225,
      0.13,
      0.13,
      0.263,
      0.307,
      0.16,
      0.16,
      0.19,
      0.19,
      0.361,
      3.04,
      0.24,
      0.24,
      0.42700000000000005,
      6.21,
      6.29,
      0.29,
      0.29,
      0.35,
      0.35,
      0.42,
      0.42,
      0.43,
      0.43,
      0.44,
      0.44,
      0.51,
      0.51,
      0.61,
      0.61,
      0.71,
      0.71,
      18.6,
      18.6,
      18.7,
      72.2,
      72.4,
      4.0,
      5.0,
      6.0,
      7.0,
      8.0,
      8.0,
      8.0,
      10.0,
      11.0,
      13.0,
      16.0,
      16.0,
      16.0,
      40.0
    ],
    [
      0.6393027947389249,
      0.9129709883807919,
      1.2694039940066362,
      1.7280841073570463,
      1.7901745724928617,
      1.7921743776764583,
      2.3046151652933293,
      2.3041953042222785,
      2.3061951348487404,
      3.041488122613666,
      3.0452627144468174,
      3.048262455891881,
      3.1014287053550014,
      3.9623154846629762,
      3.963315405061778,
      4.017775340906955,
      5.183407566456645,
      5.182407645100876,
      5.254015879962679,
      6.604777567325786,
      6.591916615765096,
      6.597732167540823,
      7.683294381530846,
      7.689995270630506,
      7.742136323680178,
      8.77745955285589,
      8.847963069900457,
      8.851640039639564,
      8.941189557584918,
      10.116846940737657,
      10.239568682448791,
      10.050120202680198,
      10.05353876861229,
      11.215289525304776,
      11.21931037945054,
      12.170760968539497,
      12.185891264753543,
      12.23435140012663,
      12.234138356887172,
      12.393703105416018,
      12.400511232742963,
      13.052954189986957,
      13.05233870342064,
      13.586796549366811,
      13.58891601205708,
      13.722146051705984,
      13.721104511212305,
      16.48082259049065,
      16.524965136150296,
      16.5741452221244,
      38.909925777364315,
      39.01501763423926,
      18.985636676182338,
      23.901106668938993,
      27.762564723022262,
      33.324309445208314,
      39.75176096728295,
      40.33881009648153,
      40.71695469948607,
      47.73259787608464,
      53.871496173765216,
      66.27949607533239,
      80.30945212115445,
      80.14029947535758,
      80.17014968178617,
      82.37868289794393
    ]
  ],
  "liquid_density": [
    [],
    [],
    [],
    []
  ]
}