{
  "formula": "F2",
  "molecular_weight": 37.9968,
  "bond_length": 1.4119,
  "critical_temperature": 144.01,
  "critical_temperature_std": 1.0,
  "surface_tensions": [
    [
      66.21,
      70.26,
      70.68,
      72.05,
      73.35,
      75.09,
      75.19,
      77.15,
      79.9
    ],
    [
      0.01885,
      0.0177,
      0.0174,
      0.01702,
      0.01686,
      0.01649,
      0.016280000000000003,
      0.01573,
      0.01481
    ],
    [
      0.00037999999999999997,
      0.00036,
      0.00035,
      0.00033999999999999997,
      0.00033999999999999997,
      0.00036,
      0.00035,
      0.00032,
      0.0003
    ]
  ],
  "vapor_pressures": [
    [
      72.53,
      72.5302,
      75.18,
      75.1802,
      75.1805,
      75.1807,
      75.45,
      75.53,
      75.59,
      75.88,
      75.93,
      76.7,
      76.72,
      76.7204,
      78.96,
      79.01,
      79.02,
      79.18,
      79.1804,
      80.09,
      80.0904,
      80.96,
      80.98,
      81.19,
      81.2,
      81.22,
      83.09,
      83.11,
      83.45,
      83.48,
      84.13,
      84.65,
      84.68,
      84.6803,
      84.73,
      84.77,
      84.81,
      85.25,
      85.27,
      85.28,
      85.32,
      85.4,
      85.81,
      85.99
    ],
    [
      19.385,
      19.425,
      28.7042,
      28.7176,
      28.7042,
      28.6642,
      29.6641,
      30.0374,
      30.2508,
      31.7706,
      32.0106,
      36.1303,
      36.2636,
      35.8636,
      48.9025,
      49.0358,
      49.1558,
      50.5024,
      50.489,
      57.3285,
      57.3285,
      64.0346,
      64.3012,
      65.7544,
      65.7811,
      66.0344,
      82.03299999999999,
      82.0864,
      85.646,
      85.96600000000001,
      91.5122,
      97.8583,
      98.8983,
      98.565,
      98.6849,
      98.445,
      98.8449,
      104.72399999999999,
      105.85799999999999,
      104.01799999999999,
      105.804,
      106.351,
      112.137,
      113.99
    ],
    [
      0.133,
      0.133,
      0.133,
      0.133,
      0.133,
      0.133,
      0.133,
      0.133,
      0.133,
      0.133,
      0.133,
      0.133,
      0.133,
      0.133,
      0.16,
      0.16,
      0.16,
      0.16,
      0.16,
      0.17300000000000001,
      0.17300000000000001,
      0.17300000000000001,
      0.17300000000000001,
      0.17300000000000001,
      0.17300000000000001,
      0.17300000000000001,
      0.2,
      0.2,
      0.2,
      0.2,
      0.2,
      0.213,
      0.213,
      0.213,
      0.213,
      0.213,
      0.213,
      0.22699999999999998,
      0.22699999999999998,
      0.22699999999999998,
      0.24,
      0.24,
      0.24,
      0.253
    ]
  ],
  "liquid_densities": [
    [
      65.78,
      66.03,
      67.98,
      70.0,
      71.76,
      72.55,
      74.93,
      75.01,
      77.15,
      77.22,
      78.59,
      78.62,
      81.72,
      81.73,
      84.34,
      85.05,
      85.67,
      86.91,
      88.26,
      88.5,
      90.08,
      91.55,
      91.75,
      94.7495,
      97.5787,
      100.228,
      102.76700000000001
    ],
    [
      1638.0,
      1633.1,
      1621.8,
      1608.1,
      1594.0,
      1592.0,
      1578.0,
      1576.1,
      1560.0,
      1562.2,
      1550.0,
      1553.0,
      1532.0,
      1528.0,
      1514.0,
      1505.0,
      1505.0,
      1496.0,
      1481.0,
      1484.0,
      1472.0,
      1458.0,
      1460.0,
      1434.0,
      1412.0,
      1391.0,
      1370.0
    ],
    [
      4.0,
      3.4,
      3.4,
      3.4,
      4.0,
      3.3,
      4.0,
      3.3,
      40.0,
      3.3,
      4.0,
      4.0,
      3.0,
      3.0,
      3.0,
      3.0,
      3.0,
      4.0,
      4.0,
      4.0,
      3.0,
      3.0,
      3.0,
      3.0,
      3.0,
      3.0,
      3.0
    ]
  ]
}