{
  "formula": "F2",
  "molecular_weight": 37.9968,
  "bond_length": 1.4119,
  "critical_temperature": 144.01,
  "critical_temperature_std": 1.0,
  "surface_tension": [
    [
      66.21,
      70.26,
      70.68,
      72.05,
      73.35,
      75.09,
      75.19,
      77.15,
      79.9
    ],
    [
      0.01885,
      0.0177,
      0.0174,
      0.01702,
      0.01686,
      0.01649,
      0.016280000000000003,
      0.01573,
      0.01481
    ],
    [
      0.00037999999999999997,
      0.00036,
      0.00035,
      0.00033999999999999997,
      0.00033999999999999997,
      0.00036,
      0.00035,
      0.00032,
      0.0003
    ],
    [
      0.00042217176599104777,
      0.00039713473784094996,
      0.00038952406857599957,
      0.0003804893691024757,
      0.0003776292361563124,
      0.0003757233556754225,
      0.00036964896861752504,
      0.00035294923147670973,
      0.0003320157225192807
    ]
  ],
  "vapor_pressure": [
    [
      72.53,
      72.5302,
      75.18,
      75.1802,
      75.1805,
      75.1807,
      75.45,
      75.53,
      75.59,
      75.88,
      75.93,
      76.7,
      76.72,
      76.7204,
      78.96,
      79.01,
      79.02,
      79.18,
      79.1804,
      80.09,
      80.0904,
      80.96,
      80.98,
      81.19,
      81.2,
      81.22,
      83.09,
      83.11,
      83.45,
      83.48,
      84.13,
      84.65,
      84.68,
      84.6803,
      84.73,
      84.77,
      84.81,
      85.25,
      85.27,
      85.28,
      85.32,
      85.4,
      85.81,
      85.99
    ],
    [
      19.385,
      19.425,
      28.7042,
      28.7176,
      28.7042,
      28.6642,
      29.6641,
      30.0374,
      30.2508,
      31.7706,
      32.0106,
      36.1303,
      36.2636,
      35.8636,
      48.9025,
      49.0358,
      49.1558,
      50.5024,
      50.489,
      57.3285,
      57.3285,
      64.0346,
      64.3012,
      65.7544,
      65.7811,
      66.0344,
      82.03299999999999,
      82.0864,
      85.646,
      85.96600000000001,
      91.5122,
      97.8583,
      98.8983,
      98.565,
      98.6849,
      98.445,
      98.8449,
      104.72399999999999,
      105.85799999999999,
      104.01799999999999,
      105.804,
      106.351,
      112.137,
      113.99
    ],
    [
      0.133,
      0.133,
      0.133,
      0.133,
      0.133,
      0.133,
      0.133,
      0.133,
      0.133,
      0.133,
      0.133,
      0.133,
      0.133,
      0.133,
      0.16,
      0.16,
      0.16,
      0.16,
      0.16,
      0.17300000000000001,
      0.17300000000000001,
      0.17300000000000001,
      0.17300000000000001,
      0.17300000000000001,
      0.17300000000000001,
      0.17300000000000001,
      0.2,
      0.2,
      0.2,
      0.2,
      0.2,
      0.213,
      0.213,
      0.213,
      0.213,
      0.213,
      0.213,
      0.22699999999999998,
      0.22699999999999998,
      0.22699999999999998,
      0.24,
      0.24,
      0.24,
      0.253
    ],
    [
      1.939640301705448,
      1.9436379549700096,
      2.87119021076626,
      2.8725298514723914,
      2.87119021076626,
      2.867191285282515,
      2.9671552938968326,
      3.0044760337869234,
      3.025810842799001,
      3.1777558895547657,
      3.2017506732411256,
      3.6136419345170325,
      3.626969685508827,
      3.5869764843946217,
      4.890904319499617,
      4.904232541020053,
      4.9162309482366675,
      5.050873593508355,
      5.049533761645722,
      5.522262765677452,
      5.522167236533954,
      5.9360031755190565,
      5.95535424431521,
      6.032391264473002,
      6.03209984530356,
      6.049820661439914,
      6.876381077335705,
      6.874017027879649,
      7.050729165513001,
      7.066323656109361,
      7.274321815912223,
      7.566777357178386,
      7.634818052811854,
      7.608969562796118,
      7.597791151645448,
      7.5629200477327565,
      7.577164427523815,
      7.835887619582176,
      7.911900554298058,
      7.770072905625782,
      7.885922927052729,
      7.8912394432722595,
      8.128929986590347,
      8.177847395243237
    ]
  ],
  "liquid_density": [
    [
      65.78,
      66.03,
      67.98,
      70.0,
      71.76,
      72.55,
      74.93,
      75.01,
      77.15,
      77.22,
      78.59,
      78.62,
      81.72,
      81.73,
      84.34,
      85.05,
      85.67,
      86.91,
      88.26,
      88.5,
      90.08,
      91.55,
      91.75,
      94.7495,
      97.5787,
      100.228,
      102.76700000000001
    ],
    [
      1638.0,
      1633.1,
      1621.8,
      1608.1,
      1594.0,
      1592.0,
      1578.0,
      1576.1,
      1560.0,
      1562.2,
      1550.0,
      1553.0,
      1532.0,
      1528.0,
      1514.0,
      1505.0,
      1505.0,
      1496.0,
      1481.0,
      1484.0,
      1472.0,
      1458.0,
      1460.0,
      1434.0,
      1412.0,
      1391.0,
      1370.0
    ],
    [
      4.0,
      3.4,
      3.4,
      3.4,
      4.0,
      3.3,
      4.0,
      3.3,
      40.0,
      3.3,
      4.0,
      4.0,
      3.0,
      3.0,
      3.0,
      3.0,
      3.0,
      4.0,
      4.0,
      4.0,
      3.0,
      3.0,
      3.0,
      3.0,
      3.0,
      3.0,
      3.0
    ],
    [
      3.1680986411410865,
      2.981741961085835,
      2.967832422829834,
      2.9510112881010806,
      3.117191203631885,
      2.9025926341806905,
      3.098820582092484,
      2.883002813474173,
      20.136424707479726,
      2.8659300218253763,
      3.066859142510461,
      3.0702720156363994,
      2.744231039836114,
      2.739208644846172,
      2.721661441105414,
      2.7104070266290266,
      2.7104070266290266,
      3.005916831850143,
      2.9891574481783327,
      2.992503299914638,
      2.669319014280609,
      2.6519745473891714,
      2.6544490953868376,
      2.622365535160955,
      2.595365870161662,
      2.569724158348518,
      2.544214024016062
    ]
  ]
}